{
  "MIN_PASSPHRASE_LENGTH": 12,
  "HTTP_OK" : 200,
  "HTTP_UNAUTHORIZED" : 401,
  "HTTP_VALIDATION_ERROR" : 422,
  "HTTP_INTERNAL_ERROR" : 500,
  "HTTP_BAD_REQUEST": 400,
  "ENTRIES_DEFAULT_COUNT" : 10,
  "PROFILES_DEFAULT_COUNT" : 10, 
  "MMOL_TO_MGDL": 18.018018018,
  "ONE_DAY" : 86400000,
  "TWO_DAYS" : 172800000,
  "FIFTEEN_MINUTES": 900000,
  "THIRTY_MINUTES": 1800000,
  "ONE_HOUR": 3600000,
  "THREE_HOURS": 10800000,
  "FOUR_HOURS": 14400000,
  "SIX_HOURS": 21600000,
  "LEVEL_URGENT": 2,
  "LEVEL_WARN": 1,
  "LEVEL_INFO": 0,
  "LEVEL_LOW": -1,
  "LEVEL_LOWEST": -2,
  "LEVEL_NONE": -3
}
